{"last_tab":"","layout":"full","archive_placeholder":{"url":"","id":"","height":"","width":"","thumbnail":""},"page_animation":"0","logo":{"url":"","id":"","height":"","width":"","thumbnail":""},"logo_dark":{"url":"","id":"","height":"","width":"","thumbnail":""},"logo_footer":{"url":"","id":"","height":"","width":"","thumbnail":""},"header":"layout1","fixed_header":"3","header_full":"0","header_search":"1","header_cart":"1","header_language":"1","backtotop":"1","footer":"1","footer_fixed":"","footer_top":"1","footer_widgets":"1","footer_widgets_layout":"3-3-3-3","footer_bottom":"","footer_bottom_instagram":"1","footer_copyright":"1","footer_copyright_layout":"centered","footer_copyright_left":"","footer_copyright_right":"copyright","footer_socials":"","footer_copyright_text":"Copyright \u00a9 2015 - <a href=\"#\">Valorous<\/a> - All Right Reserver.","use_page_loader":"1","layout_loader":"style-1","show_logo_page_loader":"0","background_page_loader":"#ffffff","color_first_loader":"#d0a852","color_second_loader":"#cccccc","logo_page_loader":{"url":"","id":"","height":"","width":"","thumbnail":""},"styling_accent":"#d0a852","styling_link":{"regular":"#d0a852","hover":"#b28c45","active":"#b28c45"},"styling_body_background":{"background-color":"","background-repeat":"","background-size":"","background-attachment":"","background-position":"","background-image":"","media":{"id":"","height":"","width":"","thumbnail":""}},"styling_boxed_background":{"background-color":"","background-repeat":"","background-size":"","background-attachment":"","background-position":"","background-image":"","media":{"id":"","height":"","width":"","thumbnail":""}},"logo_width":{"width":"246px","units":"px"},"logo_margin_spacing":{"margin-top":"27px","margin-right":"0","margin-bottom":"30px","margin-left":"0","units":"px"},"logo_sticky_width":{"width":"200px","units":"px"},"logo_sticky_margin_spacing":{"margin-top":"15px","margin-right":"0","margin-bottom":"15px","margin-left":"0","units":"px"},"logo_mobile_width":{"width":"190px","units":"px"},"logo_mobile_margin_spacing":{"margin-top":"16px","margin-right":"0","margin-bottom":"17px","margin-left":"0","units":"px"},"header_shadow":"1","navigation_height":{"height":"100px","units":"px"},"navigation_height_fixed":{"height":"68px","units":"px"},"header_background":{"background-color":"","background-repeat":"","background-size":"","background-attachment":"","background-position":"","background-image":"","media":{"id":"","height":"","width":"","thumbnail":""}},"header_opacity":"1.0","header_sticky_background":{"background-color":"#FFFFFF","background-repeat":"","background-size":"","background-attachment":"","background-position":"","background-image":"","media":{"id":"","height":"","width":"","thumbnail":""}},"header_sticky_opacity":"0.8","footer_background":{"background-color":"","background-repeat":"","background-size":"","background-attachment":"","background-position":"","background-image":"","media":{"id":"","height":"","width":"","thumbnail":""}},"footer_padding":{"padding-top":"","padding-bottom":"","units":"px"},"footer_border":{"border-top":"0","border-right":"0","border-bottom":"0","border-left":"0","border-style":"solid","border-color":""},"footer_top_background":{"background-color":"","background-repeat":"","background-size":"","background-attachment":"","background-position":"","background-image":"","media":{"id":"","height":"","width":"","thumbnail":""}},"footer_top_padding":{"padding-top":"","padding-bottom":"","units":"px"},"footer_top_border":{"border-top":"0","border-right":"0","border-bottom":"0","border-left":"0","border-style":"solid","border-color":""},"footer_widgets_background":{"background-color":"#2e2e2e","background-repeat":"","background-size":"","background-attachment":"","background-position":"","background-image":"","media":{"id":"","height":"","width":"","thumbnail":""}},"footer_widgets_border":{"border-top":"0","border-right":"0","border-bottom":"0","border-left":"0","border-style":"solid","border-color":""},"footer_widgets_padding":{"padding-top":"","padding-bottom":"","units":"px"},"footer_widgets_title_border":{"border-top":"0","border-right":"0","border-bottom":"0","border-left":"0","border-style":"solid","border-color":""},"footer_bottom_background":{"background-color":"","background-repeat":"","background-size":"","background-attachment":"","background-position":"","background-image":"","media":{"id":"","height":"","width":"","thumbnail":""}},"footer_bottom_padding":{"padding-top":"","padding-bottom":"","units":"px"},"footer_copyright_background":{"background-color":"#252525","background-repeat":"","background-size":"","background-attachment":"","background-position":"","background-image":"","media":{"id":"","height":"","width":"","thumbnail":""}},"footer_copyright_padding":{"padding-top":"","padding-bottom":"","units":"px"},"navigation_dropdown":{"width":"200px","units":"px"},"navigation_background":{"background-color":"#f4f4f4","background-repeat":"","background-size":"","background-attachment":"","background-position":"","background-image":"","media":{"id":"","height":"","width":"","thumbnail":""}},"navigation_bordertop":"#d0a852","navigation_space":"20","navigation_light_color":"#282828","navigation_light_color_hover":"#d0a852","navigation_dark_color":"#FFFFFF","navigation_dark_color_hover":"#d0a852","navigation_box_background":{"background-color":"#FFFFFF","background-repeat":"","background-size":"","background-attachment":"","background-position":"","background-image":"","media":{"id":"","height":"","width":"","thumbnail":""}},"dropdown_background":{"background-color":"#FFFFFF"},"dropdown_background_hover":{"background-color":"#EAEAEA"},"dropdown_color":"#282828","dropdown_color_hover":"#282828","mega_vertical":"#282828","mega_title_color":"#282828","mega_title_color_hover":"#d0a852","mega_color":"#282828","mega_color_hover":"#d0a852","cart_divders":"#E3E3E3","mobile_menu_background":{"background-color":"#FFFFFF","background-repeat":"","background-size":"","background-attachment":"","background-position":"","background-image":"","media":{"id":"","height":"","width":"","thumbnail":""}},"mobile_menu_color":"#282828","mobile_menu_color_hover":"#282828","mobile_menu_background_hover":{"background-color":"#F5F5F5"},"mobile_sub_color":"#282828","mobile_sub_color_hover":"#d0a852","mobile_title_color":"#282828","mobile_title_color_hover":"#d0a852","logo_admin":{"url":"http:\/\/kitethemes.com\/valorous\/demo1\/wp-content\/uploads\/2015\/06\/logo-footer.png","id":"3144","height":"45","width":"246","thumbnail":"http:\/\/kitethemes.com\/valorous\/demo1\/wp-content\/uploads\/2015\/06\/logo-footer-150x45.png"},"background_admin":{"background-color":"","background-repeat":"no-repeat","background-size":"cover","background-attachment":"scroll","background-position":"center center","background-image":"http:\/\/kitethemes.com\/valorous\/demo1\/wp-content\/uploads\/2015\/08\/travel9.jpeg","media":{"id":"3422","height":"1000","width":"1500","thumbnail":"http:\/\/kitethemes.com\/valorous\/demo1\/wp-content\/uploads\/2015\/08\/travel9-150x150.jpeg"}},"typography_body":{"font-family":"Raleway","font-options":"","google":"1","font-weight":"","font-style":"","subsets":"latin","font-size":"13px","line-height":"28px","letter-spacing":"","color":"#555555"},"typography_pragraph":{"font-family":"","font-options":"","google":"1","font-weight":"","font-style":"","subsets":"","font-size":"","line-height":""},"typography_blockquote":{"font-family":"","font-options":"","google":"1","font-weight":"","font-style":"","subsets":"","font-size":"","line-height":""},"typography_button":{"font-family":"Montserrat","font-options":"","google":"1","font-weight":"","font-style":"","subsets":"latin","text-transform":"uppercase","line-height":"","letter-spacing":""},"typography_heading1":{"font-family":"Montserrat","font-options":"","google":"1","font-weight":"","font-style":"","subsets":"latin","text-transform":"uppercase","font-size":"","line-height":"","letter-spacing":"","color":""},"typography_heading2":{"font-family":"Montserrat","font-options":"","google":"1","font-weight":"","font-style":"","subsets":"latin","text-transform":"","font-size":"","line-height":"","letter-spacing":"","color":""},"typography_heading3":{"font-family":"Montserrat","font-options":"","google":"1","font-weight":"","font-style":"","subsets":"latin","text-transform":"","font-size":"","line-height":"","letter-spacing":"","color":""},"typography_heading4":{"font-family":"Montserrat","font-options":"","google":"1","font-weight":"","font-style":"","subsets":"latin","text-transform":"","font-size":"","line-height":"","letter-spacing":"","color":""},"typography_heading5":{"font-family":"Montserrat","font-options":"","google":"1","font-weight":"","font-style":"","subsets":"latin","text-transform":"","font-size":"","line-height":"","letter-spacing":"","color":""},"typography_heading6":{"font-family":"Montserrat","font-options":"","google":"1","font-weight":"","font-style":"","subsets":"latin","text-transform":"","font-size":"","line-height":"","letter-spacing":"","color":""},"typography_header_content":{"font-family":"","font-options":"","google":"1","font-weight":"","font-style":"","subsets":"","font-size":"","line-height":"","color":""},"typography_footer_top":{"font-family":"","font-options":"","google":"1","font-weight":"","font-style":"","subsets":"","font-size":"","line-height":"","color":""},"typography_footer_widgets":{"font-family":"","font-options":"","google":"1","font-weight":"","font-style":"","subsets":"","font-size":"","line-height":"","color":"#979797"},"typography_footer_widgets_title":{"font-family":"","font-options":"","google":"1","font-weight":"","font-style":"","subsets":"","text-align":"","text-transform":"","font-size":"","line-height":"","letter-spacing":"","color":""},"typography_footer_widgets_link":{"regular":"#ffffff","hover":"#d0a852","active":"#d0a852"},"typography_footer_copyright_link":{"regular":"#ffffff","hover":"#d0a852","active":"#d0a852"},"typography_footer_copyright":{"font-family":"","font-options":"","google":"1","font-weight":"","font-style":"","subsets":"","font-size":"","line-height":"","color":""},"typography_sidebar":{"font-family":"","font-options":"","google":"1","font-weight":"","font-style":"","subsets":"","text-align":"","text-transform":"uppercase","font-size":"","line-height":"","letter-spacing":"","color":""},"typography_sidebar_content":{"font-family":"","font-options":"","google":"1","font-weight":"","font-style":"","subsets":"","text-align":"","font-size":"","line-height":"","color":""},"typography-navigation_top":{"font-family":"Montserrat","font-options":"","google":"1","font-weight":"","font-style":"","subsets":"latin","text-transform":"uppercase","font-size":"","letter-spacing":""},"typography_navigation_second":{"font-family":"Montserrat","font-options":"","google":"1","font-weight":"","font-style":"","subsets":"latin","text-transform":"uppercase","font-size":"","letter-spacing":""},"typography_navigation_heading":{"font-family":"Montserrat","font-options":"","google":"1","font-weight":"","font-style":"","subsets":"latin","text-transform":"uppercase","font-size":"","letter-spacing":""},"typography_navigation_mega_link":{"font-family":"","font-options":"","google":"1","font-weight":"","font-style":"","subsets":"","text-transform":"","font-size":""},"typography_mobile_navigation_top":{"font-family":"Montserrat","font-options":"","google":"1","font-weight":"","font-style":"","subsets":"","text-transform":"uppercase","font-size":"","letter-spacing":""},"typography_mobile_navigation_second":{"font-family":"","font-options":"","google":"1","font-weight":"","font-style":"","subsets":"","text-transform":"","font-size":"","letter-spacing":""},"typography_mobile_navigation_heading":{"font-family":"Montserrat","font-options":"","google":"1","font-weight":"","font-style":"","subsets":"","text-transform":"uppercase","font-size":"","letter-spacing":""},"typography_woocommerce_tab":{"font-family":"Montserrat","font-options":"","google":"1","font-weight":"","font-style":"","subsets":"","text-transform":"","font-size":""},"custom_sidebars":[{"title":"","description":"","url":"","sort":"0","attachment_id":"","thumb":"","image":"","height":"","width":""}],"title_align":"left","title_breadcrumbs":"1","title_breadcrumbs_mobile":"","title_separator":"1","title_separator_color":{"background-color":""},"title_padding":{"padding-top":"","padding-bottom":"","units":"px"},"title_background":{"background-color":"","background-repeat":"","background-size":"cover","background-attachment":"scroll","background-position":"center center","background-image":"http:\/\/kitethemes.com\/valorous\/demo1\/wp-content\/uploads\/2015\/09\/img4.jpg","media":{"id":"3495","height":"462","width":"1500","thumbnail":"http:\/\/kitethemes.com\/valorous\/demo1\/wp-content\/uploads\/2015\/09\/img4-150x150.jpg"}},"title_typography":{"font-family":"Montserrat","font-options":"","google":"1","font-weight":"","font-style":"","subsets":"latin","text-transform":"uppercase","font-size":"","color":"#ffffff"},"title_typography_subtitle":{"font-family":"","font-options":"","google":"1","font-weight":"","font-style":"","subsets":"","text-transform":"","font-size":"","color":"#ffffff"},"title_typography_breadcrumbs":{"font-family":"","font-options":"","google":"1","font-weight":"","font-style":"","subsets":"","font-size":"","color":""},"show_page_header":"1","sidebar":"right","sidebar_left":"primary-widget-area","sidebar_right":"primary-widget-area","show_page_comment":"0","archive_page_header":"1","archive_sidebar":"right","archive_sidebar_left":"primary-widget-area","archive_sidebar_right":"blog-widget-area","archive_loop_style":"masonry","archive_columns":"2","archive_columns_tablet":"1","archive_sharebox":"0","archive_align":"left","archive_readmore":"link","archive_thumbnail_type":"image","archive_image_size":"recent_posts","archive_excerpt":"1","archive_excerpt_length":"30","archive_pagination":"classic","archive_meta":"1","archive_meta_author":"0","archive_meta_comments":"1","archive_meta_categories":"1","archive_meta_date":"1","archive_date_format":"d F Y","archive_like_post":"0","archive_view_number":"0","author_page_header":"1","author_sidebar":"right","author_sidebar_left":"blog-widget-area","author_sidebar_right":"blog-widget-area","author_loop_style":"masonry","author_columns":"2","author_columns_tablet":"1","author_sharebox":"1","author_align":"left","author_readmore":"link","author_thumbnail_type":"image","author_image_size":"recent_posts","author_excerpt":"1","author_excerpt_length":"30","author_pagination":"classic","author_meta":"1","author_meta_author":"0","author_meta_comments":"1","author_meta_categories":"1","author_meta_date":"1","author_date_format":"d F Y","author_like_post":"0","author_view_number":"0","single_page_header":"1","blog_layout":"1","blog_sidebar":"right","blog_sidebar_left":"primary-widget-area","blog_sidebar_right":"blog-widget-area","title_meta_center":"0","blog_post_format":"1","blog_image_size":"full","blog_share_box":"1","blog_next_prev":"1","blog_author":"1","blog_related":"1","blog_related_type":"categories","blog_related_full":"4","blog_related_sidebar":"3","blog_meta":"1","blog_meta_author":"0","blog_meta_comments":"1","blog_meta_categories":"1","blog_meta_date":"1","blog_date_format":"d F Y","blog_like_post":"1","blog_view_number":"0","search_page_header":"1","search_sidebar":"right","search_sidebar_left":"blog-widget-area","search_sidebar_right":"blog-widget-area","search_loop_style":"masonry","search_sharebox":"1","search_columns":"2","search_columns_tablet":"1","search_align":"left","search_readmore":"link","search_pagination":"classic","search_excerpt":"1","search_excerpt_length":"30","search_image_size":"recent_posts","search_meta":"1","search_meta_author":"0","search_meta_comments":"1","search_meta_categories":"1","search_meta_date":"1","search_date_format":"d F Y","search_like_post":"0","search_view_number":"0","notfound_page_header":"1","notfound_page_type":"default","notfound_page_id":"","shop_page_header":"1","shop_sidebar":"full","shop_sidebar_left":"shop-widget-area","shop_sidebar_right":"shop-widget-area","shop_products_layout":"grid","shop_gird_cols":"3","shop_products_effect":"center","loop_shop_per_page":"18","product_page_header":"1","product_sidebar":"full","product_sidebar_left":"shop-widget-area","product_sidebar_right":"shop-widget-area","time_product_new":"30","twitter":"envato","facebook":"#","pinterest":"#","dribbble":"#","vimeo":"#","tumblr":"#","skype":"#","linkedin":"#","googleplus":"#","youtube":"#","instagram":"#","social_share":{"facebook":"1","twitter":"1","google_plus":"1","pinterest":"1","linkedin":"1","tumblr":"1","mail":"1"},"twitter_consumer_key":"geINSa0v1hZsHnp9Tj7Km2bgl","twitter_consumer_secret":"ms0lQ6i4nWuIWA0yvByEq97sK72wFAEJWHCdUBDOQog6Yp50cj","twitter_access_key":"2309625042-h1NgGNpzMPYYXfLdlCCcvdBVhZPzjUeo9br7GrZ","twitter_access_secret":"9jzZ2MxHnbyxuGyGs75DuBT1ZF3GtW4JU7oaFO6k91SDR","facebook_app":"417674911655656","mailchimp_api_key":"acf783f889d685580748b6c543235ef9-us5","advanced_editor_css":"","advanced_editor_js":"jQuery(document).ready(function(){\r\n\r\n});","advanced_tracking_code":"","redux-backup":"1"}